[{"id":1,"rid":1,"eventType":"single event","title":"All Day Event","description":"some text for all day event","start":"2020-12-12","end":"2020-12-02","color":"#40E0D0"},{"id":2,"rid":2,"eventType":"single event","title":"Long Event","description":"some text for long event","start":"2020-12-07","end":"2020-12-10","color":"#FF0000"},{"id":3,"rid":3,"eventType":"single event","title":"Conference","description":"some text for conference","start":"2020-12-10","end":"2020-12-12","color":"#40E0D0"},{"id":4,"rid":4,"eventType":"single event","title":"Meeting","description":"some text for meeting","start":"2020-12-11 10:30:00","end":"2020-12-11 12:30:00","color":"#000"},{"id":5,"rid":5,"eventType":"single event","title":"Lunch","description":"some text for lunch","start":"2020-12-11 12:00:00","end":"2020-12-11 14:00:00","color":"#0071c5"},{"id":6,"rid":6,"eventType":"single event","title":"Short Event","description":"some text for short event","start":"2020-12-09 16:00:00","end":"2020-12-09 16:30:00","color":"#0071c5"},{"id":7,"rid":7,"eventType":"single event","title":"Dinner","description":"some text for dinner","start":"2020-12-11 16:00:00","end":"2020-12-11 17:30:00","color":"#0071c5"},{"id":8,"rid":8,"eventType":"single event","title":"Happy Hour","description":"some text for happy hour","start":"2020-12-11 17:30:00","end":"2020-12-11 19:30:00","color":"#0071c5"},{"id":9,"rid":9,"eventType":"single event","title":"Birthday Party","description":"some text for birthday party","start":"2020-12-13 09:00:00","end":"2020-12-13 12:00:00","color":"#FFD700"},{"id":10,"rid":10,"eventType":"single event","title":"Vacation","description":"some text for vacation","start":"2020-12-18","end":"2020-12-21","color":"#008000"},{"id":11,"rid":11,"eventType":"single event","title":"Double click to change","description":"some text for double click","start":"2020-12-22","end":"2020-12-23","color":"#000"},{"id":12,"rid":12,"eventType":"single event","title":"Shopping","description":"some text for shopping","start":"2020-12-31 17:30:00","end":"2020-12-31 18:30:00","color":"#FF8C00"},{"id":13,"rid":13,"eventType":"repeating event","title":"Repeating Event","description":"This occurrence is different","start":"2020-12-21 10:00:00","end":"2020-12-21 11:00:00","color":"#FF0000"},{"id":14,"rid":13,"eventType":"repeating event","title":"Repeating Event","description":"This is a repeating event","start":"2020-12-28 11:00:00","end":"2020-12-28 12:00:00","color":"#0071c5"},{"id":15,"rid":13,"eventType":"repeating event","title":"Repeating Event","description":"This is a repeating event","start":"2020-12-23 11:00:00","end":"2020-12-23 12:00:00","color":"#0071c5"},{"id":16,"rid":13,"eventType":"repeating event","title":"Repeating Event","description":"This is a repeating event","start":"2020-12-30 11:00:00","end":"2020-12-30 12:00:00","color":"#0071c5"},{"id":17,"rid":14,"eventType":"repeating event","title":"All Day Repeating Event","description":"You can also schedule multi day recurrences","start":"2020-12-05","end":"2020-12-06","color":"#FF8C00"},{"id":18,"rid":14,"eventType":"repeating event","title":"All Day Repeating Event","description":"You can also schedule multi day recurrences","start":"2020-12-12","end":"2020-12-13","color":"#FF8C00"}]